iteration,objective,nnz,nnz_eff,weighted_l1,sum_w
1,1088.8131118603183,397,397,0.9940385460266008,0.9906740791753135
2,1072.2251452206274,397,397,0.9924240836918863,0.9908177241893348
3,1051.6640872315056,397,397,0.990391604873509,0.990998724596371
4,1027.6942422203758,397,397,0.9879756864757672,0.9912141044885049
5,1000.8768724746622,397,397,0.985209230467163,0.9914610482550489
6,971.7792973589119,397,397,0.9821254184993508,0.9917367251416869
7,940.9701255467555,397,397,0.9787583278898694,0.9920382326578135
8,909.0098583077478,397,397,0.9751430551211668,0.9923625836677298
9,876.4400625281928,397,397,0.971315617150774,0.9927067131718943
10,843.7725897861395,397,397,0.9673127394297348,0.993067495124865
11,811.4796689728803,397,397,0.9631715823452537,0.9934417647176689
12,779.9853895480753,397,397,0.9589294341416446,0.9938263436549601
13,749.6589066524215,397,397,0.954623387389659,0.9942180669331177
14,720.809565482142,397,397,0.9502900104729559,0.9946138101226052
15,693.6840338540551,397,397,0.9459650224494445,0.995010516433454
16,668.4654388528295,397,397,0.9416829777633602,0.9954052230087644
17,645.2744226124164,397,397,0.9374769660389235,0.9957950860002923
18,624.1954600571677,396,396,0.9334045064685551,0.9961879618034777
19,605.4843155031599,397,396,0.9301844035464985,0.9965652351803566
20,589.0167232007497,397,395,0.9276437620711877,0.9969378629881208
21,574.6278439726368,397,395,0.9256094096377548,0.9973056796144506
22,562.1305703108028,397,396,0.9240035479182327,0.9976249005418941
23,551.1710311617791,397,396,0.9223779274180643,0.9979353524107326
24,541.6426374697072,397,397,0.9209665466844574,0.9982120741357272
25,533.2347702440162,397,397,0.9194702661305753,0.9984663112033094
26,525.7603527048404,397,394,0.9179024454606579,0.9986975136790708
27,519.0482839756021,396,394,0.9163027269336016,0.9989203856670021
28,513.0252893889825,396,394,0.9149896580113024,0.9991271996500746
29,507.38853514153277,396,392,0.9135267574118305,0.9992853952967733
30,502.0210417403483,397,392,0.9119072850378496,0.9994025441604674
31,496.922446959252,396,391,0.9104571679807119,0.9995324838180675
32,491.9746232342669,397,388,0.9090278430452516,0.9996187570038048
33,487.0568292969552,397,381,0.9074790137239593,0.9996927093984056
34,482.4210303219429,396,380,0.9064359072133564,0.9997102707182608
35,478.2708186795787,397,380,0.9066038305689086,0.9997480126314267
36,474.23916313858774,397,380,0.9069574466386999,0.9997666575377874
37,470.3405109734859,396,380,0.9075384356913132,0.9997654360021359
38,466.48222285760437,396,379,0.9080970001040123,0.9997582407047158
39,462.75535031151065,397,379,0.9087967209216656,0.9997130855283248
40,459.186491722882,396,377,0.9096904691650317,0.9996606324940669
41,455.696719767972,396,378,0.9105310689933701,0.999615157075332
42,452.3609732857468,394,378,0.9114361613037059,0.9995486212630816
43,449.24323591948405,396,377,0.9125408368267222,0.9994716573660241
44,446.3194539871083,397,378,0.9137465563986982,0.9993907651038346
45,443.5712153782341,397,380,0.915006545993662,0.9993360608061964
46,441.0018778538606,397,382,0.9162720210645585,0.9992639516155502
47,438.57681858149806,397,383,0.9174658112594154,0.9992005155410081
48,436.2877229397475,397,385,0.9185586800334038,0.9991379180180062
49,434.16954320419285,397,388,0.9196415051639437,0.9990593837174183
50,432.19220326638185,397,389,0.9206836141484875,0.9990015711587729
51,430.3349771268,397,388,0.9216323518055394,0.9989471127697636
52,428.61624984276114,397,388,0.9225679727357582,0.9989043613122286
53,427.01139184268993,397,388,0.9234290980436561,0.9988503834956826
54,425.4935409666688,397,387,0.9241951699241719,0.9988088142130134
55,424.0538654054955,397,387,0.9248609404016622,0.9987637981973092
56,422.7292269607684,397,387,0.9255769255123735,0.9987406019244438
57,421.4670642159102,396,386,0.9262025654921375,0.9987154621458667
58,420.29527445646926,396,386,0.9268614737625591,0.9987150553281152
59,419.18669848511945,396,383,0.9274726395187389,0.9987092553167529
60,418.10400198669623,396,382,0.9279469933489051,0.9986890336362926
61,417.02663701678483,395,379,0.9282766464717793,0.9986831941073011
62,415.9982067492114,395,378,0.9286096557383473,0.9987097193185033
63,415.0046118067967,396,377,0.9288741477906858,0.9987196788484273
64,414.01017640638673,395,376,0.9290057666252391,0.9987326909906828
65,413.049716881235,394,376,0.9291318923314983,0.9987636270381897
66,412.07299808403576,395,376,0.92909291422101,0.9987773438674314
67,411.06071178475395,394,376,0.9288638762188197,0.9987871317948878
68,410.0056000308241,392,371,0.9284386531497275,0.9987939929920023
69,408.9290379901174,393,371,0.9278817888226091,0.9987951824127232
70,407.8381478577908,392,368,0.927239180735252,0.9988055017381663
71,406.80023424948575,392,367,0.9266948707005509,0.9988186496703467
72,405.85464901421733,389,366,0.9263505279753939,0.9988286114367775
73,404.95630006462744,388,365,0.9261111543241745,0.9988470040730588
74,404.0674219311827,388,364,0.9258685884003746,0.9988655333049458
75,403.16701141275666,388,366,0.9255608107306166,0.9988767400763896
76,402.259829324012,386,368,0.9252002581241927,0.9988730355763911
77,401.36722585765375,385,367,0.9248550583501242,0.9988648551420629
78,400.504351558635,389,367,0.9245885065706447,0.9988718296434449
79,399.6586749958371,388,369,0.9243570194730308,0.9988857365055025
80,398.8029942908465,388,370,0.9240833272489244,0.9989016524138477
81,397.94413842108935,388,371,0.923776605944131,0.9989107019184567
82,397.08009813752085,388,371,0.9234436434083699,0.9989242813607488
83,396.2022412361659,388,370,0.9230544470279659,0.9989352389188741
84,395.3012298623962,389,370,0.9225867906382534,0.9989469407110985
85,394.39497522453644,387,370,0.9220831150141509,0.9989501009195988
86,393.4936468180965,388,370,0.921584782578091,0.9989596480240117
87,392.60932493822895,387,369,0.9211432249343827,0.998991929210304
88,391.728693620364,388,368,0.9206798365060282,0.9990025454488645
89,390.818225988505,387,366,0.9201139371242946,0.9990044713104329
90,389.91424069134405,386,365,0.9195456284973853,0.9990071305194078
91,389.02985381554225,388,365,0.918999185727641,0.999002814304987
92,388.13372034757685,387,366,0.9184075718412501,0.9990139531955045
93,387.26325537972895,388,366,0.9178446197012722,0.9990120590686911
94,386.3915331588222,387,364,0.917276811112594,0.9990401955730788
95,385.5100897813228,386,363,0.9166198562894401,0.9990388114532297
96,384.64197348466644,385,363,0.9159573041144093,0.9990297706422488
97,383.8349798155959,384,362,0.9154361352189386,0.999020185567332
98,383.0798108628342,385,362,0.915057353897979,0.999027462922002
99,382.3138423935118,385,363,0.9146195832806987,0.9990247907733397
100,381.5428537255123,383,364,0.9141348913218039,0.9990100978782774
101,380.76492480509904,384,362,0.9136179675362155,0.9990061464867042
102,379.9848250387553,383,361,0.9130570570217951,0.998995951020644
103,379.2441128059504,383,360,0.9125707482674101,0.9989899853656029
104,378.56312726851763,383,358,0.9122400354561484,0.9990016743235215
105,377.89605411195396,381,357,0.9119272679156236,0.9990105809982212
106,377.2654854745357,383,358,0.9117155596828909,0.9990306539731357
107,376.6257683920333,382,358,0.9114708191796477,0.9990423872078278
108,375.9539215704246,381,356,0.9110942594287597,0.9990226613362315
109,375.2553058192289,378,355,0.9106394542541452,0.9990189275517914
110,374.59555707665055,378,354,0.9102256595259183,0.998985554902976
111,374.0189950209544,379,354,0.9100240894155995,0.9989753921316693
112,373.427191433607,378,353,0.909752769693599,0.9989736097441215
113,372.84372133861007,378,353,0.9094612591792106,0.9989663062149463
114,372.25377358988584,375,351,0.9091229604164459,0.9989670508606238
115,371.72534597598076,376,351,0.9089211803439148,0.9989715821825247
116,371.1858441982776,375,351,0.9086588724739841,0.9989787550989803
117,370.6397527248952,373,349,0.9083276990248648,0.9989679444832231
118,370.09577217465716,372,349,0.9080092058167792,0.998997396410038
119,369.56644205434236,373,348,0.9076874643276078,0.9990157561874682
120,369.0245404820999,371,347,0.9072812033005486,0.9990152255802109
121,368.47933507797944,374,344,0.906834441376074,0.9990129907203859
122,367.9287327804053,372,344,0.9063773626891868,0.9990424478200651
123,367.3818871542541,372,341,0.9059061876146399,0.9990666578244343
124,366.852558712256,369,339,0.905489726385337,0.9991048594049693
125,366.3898993575965,367,337,0.905241282806649,0.9991232287791275
126,365.8983522544983,366,335,0.9049132928013235,0.9991381436493871
127,365.3896145077808,364,335,0.904518121280439,0.9991422470843965
128,364.89315100583894,363,335,0.9041704506374709,0.9991710835760521
129,364.3671048076116,363,333,0.9037204131887111,0.999182974655441
130,363.8517366250709,363,333,0.9032859555496742,0.9991866629418353
131,363.3565823907614,361,332,0.9028874165531745,0.9991853023553856
132,362.86492130183575,361,330,0.9024804853050716,0.9991818877457828
133,362.3772680463718,361,329,0.9020940284045467,0.9992006633340449
134,361.91356419760234,361,328,0.9017176334424866,0.9991765749308977
135,361.4576421829371,359,329,0.9013763155285885,0.9991842052292401
136,360.9998935447361,358,327,0.9010179199988039,0.9991946563850367
137,360.5373888004043,359,324,0.9006276942695124,0.999199562923771
138,360.0707801492296,354,324,0.9002101600813198,0.9992017558208884
139,359.62522977542864,358,322,0.8998356982819065,0.9992038242931359
140,359.1882521103543,359,322,0.8994887122043251,0.999225546895949
141,358.76309717376836,357,320,0.8991486970130318,0.9992337107075893
142,358.3498402595762,355,318,0.8988289468276586,0.9992395082334045
143,357.940465035813,357,316,0.8985129778930139,0.9992470866943731
144,357.553218276485,357,317,0.8982544274621501,0.9992637027678906
145,357.16211496135224,356,317,0.8979539861646673,0.9992617293956234
146,356.76959978781207,358,319,0.8976477834815719,0.9992734922181998
147,356.3805379741909,358,319,0.8973415738865623,0.9992925316941722
148,356.0110573221766,354,317,0.8970541362037259,0.9992856231669727
149,355.64536646635116,357,317,0.8967715697501237,0.9992827287480543
150,355.26417928345995,356,314,0.8964401525439948,0.9992821438531438
151,354.8794803348882,358,313,0.8960864573546655,0.9992732366402055
152,354.51258681053247,362,315,0.8957854589294267,0.9992751741267534
153,354.16468321857,360,315,0.895562837026622,0.9993092162502687
154,353.8226960255313,359,315,0.8953275321362691,0.9993135024824109
155,353.47380850469443,353,316,0.8950649253297511,0.9993120045386461
156,353.128344394716,354,314,0.8948295884181892,0.9993210310540379
157,352.7453761179828,351,311,0.8944818922074833,0.9993139089306319
158,352.3720767531716,352,311,0.8941473307501699,0.9993034726087712
159,352.02715922272534,354,310,0.89388751660993,0.9993007734394065
160,351.67415474147003,352,310,0.8935904841298576,0.9992907466567481
161,351.34145478202913,354,309,0.8933405002489805,0.9992762968153001
162,351.03139229045956,354,310,0.8931569374301624,0.9992630149302804
163,350.7198555784736,353,308,0.8929850226701735,0.9992650628447738
164,350.4143964926295,349,307,0.892835739174531,0.9992669100693853
165,350.1436687153519,351,307,0.8927806827125238,0.9992599878491302
166,349.8682677800037,351,305,0.8927141118797186,0.9992498934319831
167,349.588703273682,350,306,0.8926211637617285,0.9992343443552891
168,349.3164708591672,350,306,0.8925558498555783,0.9992349759895149
169,349.03318306111237,347,303,0.8924462904426531,0.9992317894270469
170,348.74808590177486,347,301,0.892327608806884,0.9992392112542134
171,348.4497763478214,344,299,0.8921494655541891,0.9992403997975445
172,348.19525397529304,343,299,0.8920717747447549,0.9992412644443835
173,347.9548455874607,345,301,0.8919959009937322,0.9992244145557636
174,347.6896107078652,342,296,0.8918386364284334,0.9992180746446735
175,347.4381873868164,345,294,0.891687177909765,0.9991976327540927
176,347.1849370680585,345,294,0.8915162574692297,0.9991794975326243
177,346.9275919993599,345,294,0.8913358880492855,0.9991748087674567
178,346.6936097809343,341,293,0.8912238556070191,0.9991806338846225
179,346.47813756109025,342,293,0.8911472407764383,0.9991756155653654
180,346.24755849687836,342,294,0.8910259707124237,0.9991731489059836
181,345.9931982574153,342,294,0.8908217811711221,0.9991601790029101
182,345.74090246055516,340,292,0.8906323040288009,0.9991684908762077
183,345.52589840586876,337,290,0.8905293094635067,0.999172000411963
184,345.3081259649091,339,290,0.8903918428927694,0.9991616730881281
185,345.0835465125727,337,292,0.8902353964205774,0.9991623958636848
186,344.8394246588106,338,290,0.8900162769249333,0.9991658727139833
187,344.59083023841106,338,288,0.8897661661943701,0.9991639875406053
188,344.330296509406,339,287,0.8894672129336781,0.9991607616671331
189,344.0452780594388,335,285,0.8890969578560141,0.9991692146380617
190,343.8075788506753,336,280,0.8888404256254876,0.9991785211509239
191,343.59655368907437,333,280,0.8886356985728343,0.9991791316532019
192,343.4206402548566,331,279,0.888525923977818,0.9991912640571208
193,343.2380892728325,330,278,0.8883774680049619,0.9991938931233267
194,343.0619948311389,332,280,0.8882375837337478,0.9991964456354906
195,342.8689050551862,330,279,0.8880499901875547,0.9992047300635534
196,342.66858506581576,327,275,0.8878402217603049,0.9992107368440133
197,342.4655349521199,320,274,0.8876341865704237,0.9992282111432621
198,342.2830795375045,320,274,0.8874485031622874,0.9992118990185803
199,342.1164673176504,321,275,0.8873174517923624,0.9992153230090945
200,341.967758497403,318,276,0.8872363163367827,0.9992284240081092
201,341.8279696177389,318,275,0.8871540549897099,0.9992241821864454
202,341.66906749426965,315,274,0.8870073123638469,0.9992176110880466
203,341.48897922137417,319,274,0.886814491537105,0.9992292261974359
204,341.28761725078635,311,274,0.8865435925370192,0.9992284519327985
205,341.0782965576435,308,276,0.8862388697913539,0.9992214502527559
206,340.89367613247265,316,276,0.8860188074255593,0.9992302686954124
207,340.69031066762227,315,276,0.8857396987780923,0.9992287803923092
208,340.4843170906527,313,274,0.8854531824068859,0.9992240341216116
209,340.28409361506687,312,274,0.8851692460293088,0.9992140226409141
210,340.0912649960489,314,274,0.8849099005621079,0.999218392525016
211,339.920766088714,311,274,0.8846928755623246,0.9992063523134055
212,339.76569613811273,315,274,0.8845159091605455,0.9991957303355862
213,339.6114354261737,317,277,0.8843501251106708,0.9991997691855932
214,339.45802795279315,315,277,0.8841814179104265,0.9992025391555084
215,339.3065228106522,315,277,0.8840129017682765,0.9992064224989256
216,339.15696195723564,313,276,0.8838468658454217,0.9992129204007348
217,339.00627482354116,312,277,0.8836658102669399,0.9992128760064904
218,338.85791959898944,311,277,0.8834880093413345,0.9992131226346402
219,338.7104380126743,310,276,0.8833065351121833,0.9992108887584594
220,338.5638783342687,311,274,0.8831235786319629,0.9992081758198685
221,338.4183366925554,310,273,0.8829421813591496,0.9992083751365166
222,338.29210417839136,310,273,0.8828236644029774,0.9992262177482838
223,338.1763395167172,308,273,0.882721254970501,0.9992371849326338
224,338.05912478990734,305,273,0.8826081923682412,0.9992469896450741
225,337.93199513935616,303,273,0.882460155097355,0.9992549303430773
226,337.79929056623416,303,274,0.8822907404267143,0.9992613151311159
227,337.6638209464009,302,274,0.8820915256065043,0.999247688756943
228,337.526626733481,302,273,0.8818844264454753,0.9992356278179864
229,337.38670608945233,302,273,0.8816790217659256,0.9992339955307867
230,337.2466942203758,300,270,0.8814930135949239,0.9992469286485998
231,337.1038430020613,300,269,0.8812759679753583,0.9992383774100541
232,336.9582683706174,302,270,0.8810492646885757,0.9992313307938542
233,336.81004632984775,301,270,0.8808203207486551,0.9992332427205092
234,336.66839177727013,301,270,0.8806004410105386,0.9992281474190171
235,336.5554514387261,301,268,0.8804737876627508,0.9992354170476155
236,336.43842322235395,301,267,0.8803357832957703,0.9992401123189978
237,336.3117768053795,299,266,0.8801745774093743,0.9992470801767387
238,336.17947152420425,298,266,0.879998049063103,0.9992532499144322
239,336.05468466328966,298,265,0.8798218781496838,0.9992405346232163
240,335.93277252502065,297,265,0.8796485623469688,0.999225701636979
241,335.8140091705264,298,265,0.8794902467619352,0.9992210193136151
242,335.6962671108657,296,264,0.8793437254947214,0.9992301697895247
243,335.5833831086602,294,264,0.8792184047729641,0.9992491986385407
244,335.48087164398703,294,264,0.8791128827316899,0.9992612967541894
245,335.3860993664008,294,265,0.8790037557347758,0.9992512028787635
246,335.28545414317955,292,263,0.878871324423129,0.9992387244532701
247,335.1884695951732,294,263,0.8787636409746549,0.9992476008854456
248,335.09013308107967,291,263,0.8786551701931162,0.9992648579343864
249,334.99825470223374,291,261,0.8785411633226735,0.9992621491498349
250,334.90079464727245,289,259,0.8784012751413317,0.9992507582621541
251,334.8094606517011,287,258,0.8782880740922749,0.9992538051300662
252,334.7106065343416,287,259,0.878152355899013,0.9992577557394778
253,334.60824842862996,285,259,0.8780022791368078,0.9992636851993697
254,334.5065503654872,281,258,0.8778571090630238,0.9992816243017572
255,334.4201520197645,282,257,0.877739617578656,0.9992938177612452
256,334.3177957096268,282,258,0.8775545340189228,0.9992885557554845
257,334.2055183132757,282,257,0.8773338151183692,0.9992831383097338
258,334.07477532743474,281,257,0.8770566106966864,0.9992797719470313
259,333.9609104594123,282,256,0.8768115780578554,0.999266409667422
260,333.8600485837838,280,255,0.8766065104646997,0.9992654858709906
261,333.7823460026875,281,254,0.8764625913937314,0.9992683580619142
262,333.69534774294794,279,255,0.8762886173755542,0.9992727133555768
263,333.61795911230536,278,253,0.8761415017784602,0.9992807852124985
264,333.5397370691031,278,250,0.8759856717569121,0.9992820653089474
265,333.45685514997626,278,250,0.875826166313616,0.9992934264121945
266,333.3748105895378,277,251,0.8756587139077651,0.9992920900719251
267,333.2856928715598,278,252,0.875464328469258,0.9992815223054026
268,333.1909519139845,284,251,0.8752735980421158,0.99928887405813
269,333.1059650793096,281,251,0.8751120184800565,0.999291285880846
270,333.0153509865802,280,251,0.874932743195419,0.9992841381902158
271,332.93082789784825,283,251,0.8747700191202639,0.9992717184219845
272,332.8531353923965,288,250,0.8746278276164599,0.9992597050029332
273,332.7746192792803,289,250,0.8744974284406729,0.9992628585451773
274,332.6979289255495,288,250,0.8743757484176142,0.9992711453959273
275,332.62101790037343,286,253,0.8742503069025471,0.9992749758240146
276,332.5423501750069,285,252,0.8741127520674868,0.9992687680603527
277,332.4706088656779,283,252,0.8740064316320515,0.999267767048117
278,332.404002147508,281,252,0.873928050902111,0.9992734418183321
279,332.3270839087067,281,252,0.8738244854441795,0.9992772505469938
280,332.25465452367615,281,251,0.8737262260787584,0.999269025830184
281,332.2003202066294,281,250,0.8736781784573528,0.9992581404380576
282,332.13844420356577,283,250,0.8736151530859724,0.9992510187109622
283,332.06778378599597,282,249,0.8735349922765985,0.9992490829752354
284,331.98856945438996,281,249,0.8734408864734001,0.9992546151005441
285,331.9146109054395,280,249,0.873351859099385,0.999248566867061
286,331.8438925120332,280,249,0.8732669213351205,0.9992374716328953
287,331.76554182656247,280,250,0.8731628160740552,0.9992292805320814
288,331.6884030899352,278,248,0.8730794450335904,0.9992420039968901
289,331.61994609152333,276,248,0.8730037666345893,0.9992403451926957
290,331.5550586437446,277,248,0.8729181553597611,0.9992219196012648
291,331.4865385139629,276,248,0.8728286874015092,0.999215458329939
292,331.41466519287064,275,248,0.8727280680928309,0.9992117532868767
293,331.342891572018,273,247,0.8726188410858329,0.9992014477644586
294,331.27108169783753,278,248,0.8725134271229629,0.9991987142586973
295,331.196667108158,277,249,0.87239675316347,0.9991935908154516
296,331.13261813984275,275,249,0.8723044976380163,0.9991874448348875
297,331.0673455488195,279,249,0.8722062056763709,0.9991823544117514
298,330.99993579090597,278,246,0.872107437009992,0.9991872045591005
299,330.9405901640969,274,246,0.8720264119527877,0.9991912840431911
300,330.87895430508956,271,246,0.8719330934795404,0.9991928239934232
301,330.8140442652875,271,244,0.8718215064279085,0.9991924650159625
302,330.74736658817824,270,244,0.8716911171191903,0.9991830253599048
303,330.68423325623826,271,245,0.8715627242266593,0.9991701700449885
304,330.62295771029045,277,244,0.8714378628725143,0.9991591169901174
305,330.5619036067628,279,244,0.8713175631043352,0.9991564038688439
306,330.50133727238915,274,244,0.8712044714010507,0.9991649365807692
307,330.4528511315717,275,244,0.8711227762441093,0.9991785178735801
308,330.4018077180331,274,243,0.8710250430604096,0.9991912778670485
309,330.3514691379774,273,243,0.8709254329786246,0.9992056277085684
310,330.2944811423676,270,241,0.8707843182753007,0.999199131828669
311,330.23085434825265,268,241,0.8706134442883522,0.9991860062899891
312,330.1690892104482,268,238,0.8704450576813892,0.9991752505781913
313,330.102215658697,267,238,0.8702675891158624,0.9991765217046199
314,330.03390138475356,263,238,0.8700799991817149,0.9991755805685063
315,329.98796087995464,265,237,0.8699570734821825,0.9991810181184995
316,329.9416568185398,263,237,0.869836673850486,0.9991960582688202
317,329.8994989738642,261,236,0.8697158267613464,0.9992042820479243
318,329.8499080860431,262,237,0.869560143272553,0.9992025459299267
319,329.79808680073273,261,237,0.8694041657164062,0.9992130666096264
320,329.7377765645095,260,237,0.8692183065031198,0.9992206253002134
321,329.67486992385204,261,236,0.8690156766673529,0.9992213150659546
322,329.61749099520466,259,236,0.8688189071790449,0.9992165746485282
323,329.55930081553157,259,237,0.8686164211223527,0.9992119690979098
324,329.5095804321192,262,238,0.8684440160549882,0.9992133899801198
325,329.4523955421097,260,238,0.8682548662987746,0.9992170865700338
326,329.4004796518398,261,239,0.8680693753170934,0.9992094459961189
327,329.35109792956257,264,238,0.8678933679749767,0.9992050098989539
328,329.3020635332102,268,236,0.8677242524138575,0.9992071830987577
329,329.25336790283455,266,234,0.8675597028176942,0.9992131737631826
330,329.20501546754775,265,233,0.8673967707214633,0.999219521341014
331,329.1570344549087,263,234,0.8672357186025287,0.9992267130682494
332,329.1165506461768,263,234,0.8670993361623592,0.9992377489212065
333,329.0870306761562,263,234,0.8669956143999619,0.9992502647621099
334,329.0491721773258,262,234,0.8668641699368794,0.9992560854246519
335,329.00363308334545,261,234,0.866720295174195,0.9992702711882939
336,328.9536283571835,261,234,0.866561979874886,0.9992804135751763
337,328.8914857473233,257,233,0.8663758542435123,0.9992879081038651
338,328.8330058534633,257,232,0.866187018689305,0.9992739961299375
339,328.78915063156967,261,231,0.8660368793431948,0.9992573550890933
340,328.7435134323145,268,230,0.8658932878817871,0.9992522045450736
341,328.6991121826215,269,227,0.8657586575830101,0.9992502325484947
342,328.6556178875429,269,227,0.8656364630317741,0.9992572815739312
343,328.6191180583134,268,227,0.8655360245496799,0.9992654100520443
344,328.58246394304194,268,226,0.8654368071286181,0.9992751088240266
345,328.552517723152,265,226,0.8653562037471741,0.9992853831792277
346,328.52207008711514,263,226,0.8652798279042027,0.9993052103099768
347,328.48169231659705,258,225,0.8651650724305944,0.9993142068833905
348,328.43309130829095,256,224,0.8650136582669158,0.9993085190733758
349,328.39127852219957,258,224,0.8648777779316585,0.9992989637557086
350,328.34183114613836,256,224,0.8647261444638965,0.999294986536901
351,328.2956584579112,254,224,0.8645870952817055,0.9992933384685988
352,328.24850288748814,254,224,0.864462531637537,0.9993054829692782
353,328.207087692094,250,224,0.8643497630947882,0.9993102820214382
354,328.1751583326351,255,225,0.8642646590886406,0.9993115186286572
355,328.13613961603744,251,225,0.8641556987775915,0.9993044413439831
356,328.09371386421816,252,225,0.8640374153872495,0.9992939547657534
357,328.04692264073776,259,224,0.8639175369078154,0.9992927354727147
358,328.0052719460857,257,224,0.8638085494349962,0.9992849088651288
359,327.9663947306529,260,224,0.8637134573684542,0.999281023332332
360,327.9283753287243,260,225,0.8636300202864705,0.9992854456157555
361,327.8895793601997,258,226,0.8635448589685144,0.9992887004224895
362,327.8513863080836,257,224,0.8634575929307511,0.9992856124088706
363,327.8160069472563,256,224,0.8633846597333252,0.9992888304169975
364,327.78099770681695,253,223,0.863313816328316,0.9992918980429208
365,327.74344929700004,252,223,0.863232684020229,0.9992905594858598
366,327.7034044214506,251,223,0.8631447764632165,0.9992888678225252
367,327.66517791293893,248,223,0.8630666148345465,0.9992916111765876
368,327.63279087701954,248,223,0.8630003297458457,0.9992887433023745
369,327.5966314549357,248,223,0.8629269042051887,0.9992896693340139
370,327.56145893894586,247,223,0.8628618457284662,0.9992980449825974
371,327.52783283373196,248,222,0.8627928116354002,0.9992994208494839
372,327.4898708413774,247,222,0.8627066121305553,0.999295016000963
373,327.449414806201,246,222,0.8626064789450696,0.9992827560123021
374,327.4126791836438,246,223,0.8625171896330397,0.9992706416680109
375,327.3776776678273,247,222,0.8624397883402302,0.9992658790387207
376,327.34827298881595,247,222,0.8623878128362785,0.9992712805413686
377,327.3142135285016,247,221,0.8623229729084878,0.9992762487789233
378,327.2755506278918,244,220,0.8622417061246848,0.9992775485717815
379,327.25109471535893,244,220,0.8621919474574717,0.9992723064951834
380,327.22728860216256,243,218,0.8621464035056524,0.9992738885698539
381,327.2148836847063,243,218,0.8621402168408631,0.9992855950540682
382,327.20001342070316,243,216,0.8621266093529607,0.9992980899935322
383,327.1738206482846,241,216,0.8620736508318789,0.9993028224092844
384,327.1392236840528,242,216,0.8619988088708312,0.9993094750459061
385,327.10211933644683,239,216,0.8618999083951419,0.9993003591847591
386,327.06730767916883,241,216,0.8617992414093165,0.9992864015537974
387,327.02769643943657,241,215,0.8616866449732669,0.9992791868403035
388,326.9920230672704,243,215,0.8615826233406655,0.9992734200522879
389,326.95299914850807,242,216,0.861475177180123,0.9992792120353041
390,326.9164242073037,241,216,0.8613687899394679,0.999281951979494
391,326.8941302432465,240,216,0.861303645717318,0.9992891968125952
392,326.86739092100277,236,214,0.8612267479572351,0.9992982816212658
393,326.84203531207936,237,214,0.861142324992521,0.9992942093568983
394,326.81429439006394,237,212,0.861051618720182,0.999290645655231
395,326.7803115516689,236,211,0.8609454244401257,0.99928857436957
396,326.74218927525266,238,212,0.8608327733424894,0.9992894574126322
397,326.7049369493269,237,211,0.8607214221743635,0.9992891035642043
398,326.676402181062,238,213,0.8606318846589386,0.9992867834539347
399,326.64848956909253,238,214,0.8605398078389772,0.999279682922711
400,326.6244657544713,242,214,0.8604663780969021,0.9992816271865952
401,326.6085474024116,241,215,0.8604186571176344,0.9992879051543203
402,326.58918050269745,241,215,0.8603608496507533,0.9992949708397234
403,326.56670290215493,241,214,0.8602937256048324,0.9993023152722702
404,326.54056435283843,239,214,0.8602118253098038,0.9993053488622033
405,326.511078990692,236,215,0.8601137790972326,0.9993008595639723
406,326.47882518978986,234,214,0.8600134996678754,0.9993037593205936
407,326.44303965059254,234,214,0.859905002901364,0.9993095871329426
408,326.4123002877765,233,214,0.8597987445459132,0.999302142468069
409,326.3872130243481,237,214,0.859709259664731,0.9992956185602008
410,326.36310210669416,238,214,0.8596365191695027,0.9993071339698393
411,326.33802422629105,236,214,0.8595531358351256,0.999310659721332
412,326.31335569368696,232,214,0.859469177118203,0.9993114781638526
413,326.2898920398729,231,213,0.8593967590172189,0.9993215289379549
414,326.26817529205425,231,214,0.8593188522296878,0.9993199638705691
415,326.2438263143635,229,212,0.8592317812896637,0.9993161577728864
416,326.2181794398992,228,211,0.8591467986511929,0.9993181578173911
417,326.19477879429047,229,211,0.8590620867268652,0.9993120918147426
418,326.1714621512233,230,211,0.8589798276236681,0.9993070108838185
419,326.14820963080547,231,211,0.8589042169816383,0.9993071494117826
420,326.12500315681376,231,211,0.8588340474129237,0.9993108820164717
421,326.10183278640733,230,211,0.8587625923155837,0.9993112878258786
422,326.078691540535,230,210,0.8586915771479926,0.9993102148828094
423,326.0622223109581,230,209,0.8586483758703032,0.9993197138872965
424,326.04330584851806,229,209,0.8585972099395549,0.9993282531923691
425,326.01892026373287,229,208,0.858525941712905,0.9993315616757761
426,325.9920165202454,227,208,0.8584413296810844,0.9993269642034118
427,325.9661129436221,227,208,0.8583652548250895,0.9993256651931309
428,325.94396846177995,228,208,0.8582934062282694,0.9993154493477808
429,325.93223535694545,229,208,0.8582598982063281,0.9993134980933546
430,325.9182414425246,229,208,0.8582259396398767,0.9993156825620153
431,325.8997828661287,229,208,0.85818157352886,0.9993178149024242
432,325.87689606760426,229,208,0.8581251778699076,0.9993180462721216
433,325.8516296618713,227,206,0.8580723330764057,0.9993280368299989
434,325.82494195368855,228,204,0.8580153778685708,0.9993364741049293
435,325.7953428968529,227,204,0.8579399470732674,0.99933194909324
436,325.7704374795076,224,203,0.8578678742032443,0.9993144931791393
437,325.74912173068054,227,202,0.8578079535221987,0.9992979029630699
438,325.7307658831857,234,200,0.8577714333720995,0.9992977237056897
439,325.7244315912822,233,200,0.8577757575537924,0.9993064898484691
440,325.72115812778554,227,200,0.85779239538306,0.9993229002840706
441,325.71449265642923,227,199,0.8577905123559146,0.9993325661216068
442,325.6995341431834,226,199,0.8577608480373442,0.999339966680572
443,325.68144302382495,224,200,0.8577149766513237,0.9993418675456383
444,325.65254703042876,221,200,0.8576315859198907,0.9993374626576018
445,325.6320427246651,224,200,0.857563023000411,0.9993239652023403
446,325.6127516558841,224,200,0.8574932041842998,0.9993061321842631
447,325.59026221747223,224,200,0.8574283249687675,0.9993013099205681
448,325.5649658970199,222,197,0.8573622035197761,0.9993007065526782
449,325.5419777497117,224,195,0.8572944488271508,0.9992919931599509
450,325.51924794699846,225,195,0.8572311972748257,0.9992890946147239
451,325.49310228801005,223,195,0.8571644945390382,0.9992951060366302
452,325.46685408542555,220,196,0.8570878819916063,0.9992903231344546
453,325.461498699626,221,195,0.8570707561348867,0.9992856358465562
454,325.45478533245307,222,196,0.857057962798843,0.9992885249153405
455,325.44351252605605,221,197,0.8570341206581216,0.9992919337885626
456,325.4228661090833,221,197,0.8569825986699574,0.9992923265637281
457,325.40063193870577,219,197,0.8569316005101453,0.9992974088697388
458,325.3821673491557,220,198,0.8568945101188012,0.9993055056974082
459,325.3654795776746,220,198,0.856851897078091,0.9993020334982087
460,325.3450194736983,215,198,0.8567886733031724,0.9992872921561936
461,325.32474864321784,216,198,0.8567334445387478,0.9992798443261484
462,325.30314373029614,215,198,0.8566663519089506,0.9992636925967522
463,325.28768021720254,221,196,0.8566173262037398,0.9992492790301034
464,325.27225664725444,227,196,0.8565750248024229,0.9992426187265301
465,325.256839055079,224,196,0.856537985670659,0.9992421319340338
466,325.24142675141854,223,195,0.8565022879425402,0.9992436006388667
467,325.22601617768436,223,195,0.856465103979121,0.9992440420722406
468,325.21059895145936,222,193,0.8564258547259265,0.9992428841669616
469,325.1954676564995,222,192,0.8563890659822865,0.9992456650338083
470,325.1853344585278,221,192,0.8563694532293853,0.9992522410410415
471,325.1749481157803,221,192,0.8563463682416523,0.9992550276193596
472,325.15884500946214,217,192,0.8563081613842384,0.9992573904818464
473,325.1445914020129,218,192,0.8562861966313103,0.9992753872004005
474,325.1421354158689,216,193,0.856279065075046,0.9992778994720461
475,325.1340016205561,216,193,0.8562422864967075,0.9992693768857802
476,325.12156780765986,215,192,0.8561856763777956,0.9992553061813122
477,325.10445523103,215,191,0.8561175601030331,0.9992462251031755
478,325.082217158591,215,191,0.8560396603913165,0.9992453419731808
479,325.05804240307907,214,190,0.8559543248897685,0.9992435810708686
480,325.0426564751013,213,189,0.8558891814679919,0.9992381984586398
481,325.03054880621175,214,188,0.8558419615882858,0.9992442425396175
482,325.0165778365224,210,188,0.8557846619350509,0.9992455912293267
483,325.00591697012766,211,188,0.8557436203306481,0.9992533562599069
484,325.0050353333104,210,188,0.8557252080730333,0.999254773629695
485,324.99985292268286,208,187,0.8557103952307547,0.9992699014184016
486,324.9854134265486,208,187,0.8556794464083461,0.9992896211100344
487,324.96470291801114,207,187,0.8556053485020367,0.9992783756657321
488,324.941299844758,206,188,0.855515625100778,0.9992577102218677
489,324.92889499284604,207,188,0.8554551923807507,0.999236945650075
490,324.91926166020795,221,188,0.8554122607508527,0.9992293023313453
491,324.9077403231176,216,187,0.8553722098377123,0.999232562196486
492,324.9008128652395,214,188,0.8553532528367482,0.9992469164584332
493,324.88844129657,209,188,0.855313736311416,0.9992563962007851
494,324.8735404527266,208,188,0.8552588938841046,0.9992567098423818
495,324.86079625553026,205,188,0.8552075861689529,0.9992540942045386
496,324.8565559972419,206,188,0.8551788418128525,0.9992501672742851
497,324.84759417054073,204,189,0.8551413803899695,0.9992510305341664
498,324.83391840839937,203,189,0.8550922977000182,0.9992533435800046
499,324.8154832244856,202,189,0.8550280279249176,0.9992528950983662
500,324.8014768366955,201,189,0.8549753008305359,0.9992494670769253
501,324.7902840607991,198,189,0.8549306539772017,0.9992472570354483
502,324.77906539094454,198,188,0.8548821845642847,0.999241152011606
503,324.76781652324337,202,188,0.8548346893297434,0.9992360731392204
504,324.7565310498521,205,186,0.8547895459995112,0.9992336024023307
505,324.7452031644765,206,186,0.8547461734262709,0.9992331755836833
506,324.7338386599859,205,186,0.8547043374761293,0.9992345339316976
507,324.7224696044083,205,185,0.8546645740516137,0.999238321029057
508,324.7110508141616,205,184,0.8546213651696807,0.9992383769536999
509,324.69957927209043,205,184,0.8545763810675568,0.999236509925862
510,324.68805435848964,205,184,0.8545313380239357,0.9992345801843386
511,324.6838972135322,204,186,0.8545118228101386,0.9992390092972019
512,324.6850877579191,205,185,0.8545116528806758,0.999249969386037
513,324.6799559315367,204,185,0.8544905992422611,0.999258655948781
514,324.66851884331123,202,185,0.854446171423954,0.9992621180356104
515,324.65120246926017,199,184,0.8543868524952944,0.9992675636035047
516,324.6360241551909,199,184,0.8543242863952007,0.9992627479271201
517,324.6178487854286,198,183,0.8542537562779609,0.9992580128230217
518,324.59789872062845,197,183,0.8541793610957397,0.9992537472187528
519,324.58677773395954,199,182,0.8541273828794536,0.999248520411796
520,324.5755056502735,203,182,0.8540761088208475,0.999245476829212
521,324.56430189208163,203,182,0.8540251476711366,0.9992418280299994
522,324.5530527471176,204,182,0.8539770227903625,0.999240707372931
523,324.5464862554952,203,182,0.8539647801422486,0.9992602717700441
524,324.53635436746,201,182,0.8539400663690088,0.9992734238535133
525,324.5202680853757,200,183,0.8538890476923765,0.9992732744005812
526,324.51017343307063,200,182,0.8538463216464975,0.9992643259025299
527,324.50138234858946,199,182,0.8538070679231982,0.9992556640591646
528,324.49002065959263,201,182,0.8537646428099352,0.9992516994365719
529,324.4760882304758,202,182,0.8537189247546384,0.9992522239192208
530,324.4648341625613,202,181,0.8536788721283726,0.9992498377286684
531,324.4537758942825,202,181,0.8536402236614214,0.9992473754640766
532,324.44265712066795,202,181,0.8536035621155829,0.9992462332823319
533,324.43147607559166,202,180,0.853568871610469,0.9992463943260823
534,324.4202333935173,202,179,0.8535355013306579,0.9992471557867915
535,324.40893075550855,202,179,0.8535028121191979,0.9992478333875063
536,324.3975702744309,202,179,0.8534704860886879,0.9992480986241523
537,324.38810970531523,201,178,0.8534499294436072,0.9992549367212737
538,324.3749895323703,201,178,0.8534206473105358,0.9992628940906758
539,324.3633295328961,200,178,0.8533854963333385,0.9992590536162804
540,324.35435562053266,200,178,0.8533698669285299,0.9992650563317583
541,324.34068656529524,198,177,0.8533462367078064,0.9992719095378025
542,324.3292969644904,199,177,0.8533146607932238,0.9992623454508412
543,324.3180345350676,196,178,0.8532879645488178,0.9992578120273203
544,324.307032245359,196,178,0.8532686246263178,0.9992610683456389
545,324.2959665834755,194,178,0.8532448199609838,0.9992595644089793
546,324.2864262449646,195,178,0.8532245626367845,0.9992573876722551
547,324.27449698292565,194,178,0.8531961723192835,0.9992534020363311
548,324.26384473092503,196,178,0.8531680335112068,0.9992458455431827
549,324.25323432598327,196,178,0.8531412695414673,0.9992397992715055
550,324.24266103357957,196,178,0.8531174969945616,0.9992371000685781
551,324.23212308251163,196,177,0.8530960040783095,0.999237042717026
552,324.22167054675856,195,177,0.853076943698121,0.9992403593640885
553,324.21252369876123,196,177,0.8530620462666397,0.9992460381513091
554,324.2011882874594,195,177,0.8530375461805789,0.9992495408600762
555,324.19103285765203,196,177,0.8530089036431462,0.9992453999606954
556,324.1809171156784,196,176,0.85297797872494,0.9992392022864203
557,324.17084515250116,196,175,0.8529482606840262,0.9992348074625951
558,324.1608085058719,195,175,0.8529208465771636,0.9992334492102123
559,324.15080264428053,195,176,0.8528948493474894,0.9992341999117849
560,324.14082534171786,195,174,0.8528686662873854,0.9992353658258997
561,324.13393368835864,193,174,0.8528637839782742,0.9992487638336636
562,324.1261094301954,193,174,0.8528578912805473,0.9992625011421887
563,324.11216266210806,191,173,0.8528297693322076,0.9992690715537946
564,324.1053457011525,192,173,0.8528112458574847,0.9992652479576447
565,324.09674346302694,192,173,0.8527808125551843,0.9992545613752308
566,324.0838655405849,191,172,0.8527388148391869,0.9992451729740371
567,324.0743368031399,190,171,0.8527058558711875,0.9992363157438964
568,324.065003370373,190,170,0.8526766026960013,0.9992319838354821
569,324.06177960504675,190,170,0.8526759501472171,0.9992425687753825
570,324.0530005352439,190,170,0.8526603249035596,0.999255749168109
571,324.03920767508276,188,168,0.8526211128083696,0.9992602334584749
572,324.02982006257696,189,168,0.8525794148761329,0.999249404074328
573,324.0211834514655,188,168,0.852540201303982,0.9992389031852899
574,324.01260165021614,189,167,0.8525038611265556,0.9992329055405799
575,324.00400650567747,190,167,0.8524695927837551,0.9992302886850608
576,324.00232614967274,189,167,0.852462813178098,0.9992390600107086
577,324.0041269121486,189,166,0.8524744488279535,0.9992594350501883
578,324.00028428539565,188,166,0.8524691997044294,0.9992813478717337
579,323.99378861921497,186,166,0.8524383996760707,0.9992859233306267
580,323.9824154451827,185,166,0.8523822277959376,0.9992796052383423
581,323.9651337648759,185,165,0.8523060196286116,0.999270707245675
582,323.9461053728414,184,165,0.8522182136318321,0.9992557724006171
583,323.9379446054303,187,165,0.8521604076546752,0.9992416497575861
584,323.9298439957716,188,165,0.8521123540530978,0.9992381028132274
585,323.92181368518396,187,165,0.8520772638527434,0.9992472892991296
586,323.91379018279054,186,164,0.8520377764933968,0.99925207194329
587,323.90581391556293,185,164,0.851998956923937,0.9992567305348198
588,323.9015742509752,185,164,0.8519754008835551,0.9992646370947122
589,323.8902853211359,185,165,0.8519340698784494,0.9992720622087101
590,323.88244288122746,183,165,0.85189124011203,0.9992673824665055
591,323.87469224223787,182,165,0.8518468769560408,0.9992607578879131
592,323.87209072754877,182,166,0.8518271208470609,0.9992657189135641
593,323.8685484992618,181,166,0.8518050359240521,0.9992717939264175
594,323.86143240278835,181,166,0.8517721431924863,0.9992779275470491
595,323.8507210829486,181,166,0.8517242526141923,0.9992787821669404
596,323.837229936379,180,167,0.8516649194869379,0.9992756742734874
597,323.82991516050805,180,167,0.851619137857156,0.9992686742945402
598,323.82275096771093,180,167,0.8515769789285479,0.9992655671888939
599,323.81563879432724,180,167,0.8515362578469976,0.9992636980271455
600,323.80857726845034,180,167,0.8514978291541472,0.9992639457502897
601,323.80156698895223,180,167,0.851461316857409,0.9992658335044179
602,323.7946316686171,179,167,0.8514279716654387,0.9992707596767257
603,323.78775766863833,179,167,0.851393436428568,0.9992737942091667
604,323.7809399326823,179,167,0.8513574753996427,0.9992746044569968
605,323.77418023037745,179,167,0.85132121885556,0.9992743786990621
606,323.7674799213412,179,167,0.8512857159266791,0.999274217895612
607,323.76083875275395,179,167,0.8512515214282574,0.999274680541171
608,323.7542560094495,179,167,0.8512186887993658,0.9992757751248287
609,323.74773101232944,179,167,0.851186989430894,0.9992772021089196
610,323.7412628449733,179,166,0.851156158285644,0.9992786248755524
611,323.73485019893735,179,165,0.8511260440200399,0.9992798354009765
612,323.7284914745195,179,165,0.8510966393604389,0.9992807879315191
613,323.7221848816205,179,165,0.8510680319737729,0.9992815450130292
614,323.71592846805123,180,165,0.8510403347854578,0.9992822007317869
615,323.7194168150209,181,165,0.8510501987910106,0.9992943178004652
616,323.7229572620019,178,164,0.8510614285004445,0.9993075620755674
617,323.7195753075916,178,164,0.8510521643821065,0.9993191465454456
618,323.70918684842627,178,164,0.8510158594908488,0.9993216662086173
619,323.69181165934936,178,164,0.8509553447585231,0.9993181989151042
620,323.6833562616252,177,164,0.8509095602354801,0.9993030480445235
621,323.6783238648305,180,163,0.8508731106105956,0.9992868308095944
622,323.6733567961939,185,163,0.8508439941875399,0.9992774897790767
623,323.6683994560366,186,162,0.8508232546911292,0.9992761758740762
624,323.6634463027713,185,162,0.8508079882059811,0.9992797477253161
625,323.6585106447571,185,162,0.8507945309360768,0.9992842403111101
626,323.6535945663649,183,161,0.850780587862916,0.9992871559030765
627,323.64870867919257,181,162,0.8507674876016151,0.9992903002455411
628,323.6438494150849,180,162,0.8507548336119364,0.9992931352246612
629,323.6396469497297,179,162,0.8507447097532974,0.9992967312332816
630,323.6377196708609,179,162,0.8507390961427361,0.9992984873031916
631,323.63308308515053,177,162,0.8507303184708737,0.9993059617484013
632,323.6262467616347,178,162,0.8507140560332743,0.9993125417759354
633,323.62066243274637,176,162,0.8506900514351629,0.9993057442948163
634,323.6160956934945,177,162,0.8506638450011401,0.9992925845599183
635,323.61158505078583,178,162,0.8506404625379409,0.9992816728200007
636,323.607101609975,181,161,0.8506235012888783,0.9992769297437147
637,323.60267996985755,181,161,0.8506166875752516,0.9992821528454824
638,323.5983436156929,179,161,0.8506133467777075,0.9992900891507791
639,323.594017245464,177,160,0.85060700445915,0.9992942646341763
640,323.58968334380654,176,159,0.8505994009142341,0.999296804756804
641,323.58536328352835,175,159,0.8505864956075606,0.9992933700020151
642,323.58107138323913,176,159,0.8505715931222279,0.9992875522307886
643,323.5768050953183,176,159,0.8505568117442879,0.9992813666633374
644,323.5725659035061,175,159,0.8505451970242215,0.9992779929075446
645,323.5683544140398,175,158,0.8505382091843082,0.9992786195391209
646,323.56416560201336,175,157,0.8505313726714439,0.9992790547204651
647,323.5599989868215,174,155,0.8505266045629576,0.9992810826055458
648,323.5558561186663,174,155,0.850520405140949,0.9992811784882755
649,323.5517367359196,174,154,0.850512398025042,0.9992791020770473
650,323.5476436266174,173,153,0.8505040245079604,0.9992764758266685
651,323.5435774774416,174,153,0.8504960108649449,0.9992741793096355
652,323.53953779994913,173,153,0.8504887110964275,0.9992726644976201
653,323.5354946359734,173,153,0.8504860582829943,0.9992751776105526
654,323.53195569471575,172,153,0.8504927787891341,0.9992835510914306
655,323.52735530083174,171,152,0.8504894588924397,0.9992839131252587
656,323.52330988536073,171,152,0.8504834918496973,0.9992803850699181
657,323.51931480494125,169,152,0.8504820195002867,0.9992831562530246
658,323.5181131350198,170,152,0.8504858426933628,0.9992845047864107
659,323.5138397567435,171,152,0.8504774546852357,0.9992830331820544
660,323.5076471677574,169,152,0.8504597599308781,0.9992782110642918
661,323.5050955750059,171,152,0.8504515381338282,0.9992744829794014
662,323.50007848751363,173,152,0.8504366220147053,0.9992726668734616
663,323.4962769434504,172,152,0.8504231081988733,0.9992694929071249
664,323.4932281499707,173,152,0.8504190822414224,0.9992759303224458
665,323.48941054381555,171,152,0.8504116246934923,0.9992819911598503
666,323.48521477785414,168,152,0.8503949298389116,0.9992796588643795
667,323.48148167269795,170,152,0.8503725160154549,0.9992703604081307
668,323.47776530634644,173,153,0.8503491697073118,0.9992608946712954
669,323.4740575540299,177,153,0.8503284980137846,0.9992552748995592
670,323.4703394534627,179,153,0.8503110544803363,0.9992541369669508
671,323.46661396157316,176,153,0.8502972222532076,0.9992576198670904
672,323.46289174386595,175,153,0.8502845196408899,0.999262854266714
673,323.45915523892467,174,152,0.8502675215511488,0.9992642807387777
674,323.4553993356528,172,152,0.8502471969192724,0.9992629941896856
675,323.4516257820011,172,152,0.8502250535117319,0.9992606624160204
676,323.4478352868148,172,152,0.8502023973346995,0.9992587288618627
677,323.4440264548197,172,152,0.8501798530844067,0.9992578819494023
678,323.4401982604557,172,152,0.8501573791477586,0.9992580696876127
679,323.4363531855354,171,152,0.8501352740931203,0.999259647586049
680,323.4325005290287,170,152,0.8501126832917945,0.9992617935626049
681,323.4323422775123,170,152,0.8501069689866717,0.9992718983345966
